Cod_Capitulo,Capitulo,Cod_SubCapitulo,SubCapitulo,Cod_Unidad_Ejecutora,Unidad_Ejecutora
101,SENADO DE LA REPÚBLICA,1,CÁMARA  DE SENADORES,1,SENADO DE LA REPÚBLICA DOMINICANA
102,CÁMARA DE DIPUTADOS,1,CÁMARA DE DIPUTADOS,1,CÁMARA DE DIPUTADOS
201,PRESIDENCIA DE LA REPÚBLICA,1,MINISTERIO ADMINISTRATIVO DE LA PRESIDENCIA,1,SECRETARIADO ADMINISTRATIVO DE LA PRESIDENCIA
201,PRESIDENCIA DE LA REPÚBLICA,1,MINISTERIO ADMINISTRATIVO DE LA PRESIDENCIA,5,GOBERNACIÓN  DEL EDIFICIO GUBERNAMENTAL JUAN PABLO DUARTE
201,PRESIDENCIA DE LA REPÚBLICA,1,MINISTERIO ADMINISTRATIVO DE LA PRESIDENCIA,9,COMISIÓN PRESIDENCIAL DE APOYO AL DESARROLLO PROVINCIAL
201,PRESIDENCIA DE LA REPÚBLICA,1,MINISTERIO ADMINISTRATIVO DE LA PRESIDENCIA,10,CONSEJO NACIONAL PARA EL CAMBIO CLIMÁTICO Y MECANISMO DE DESARROLLO LIMPIO
201,PRESIDENCIA DE LA REPÚBLICA,1,MINISTERIO ADMINISTRATIVO DE LA PRESIDENCIA,12,CONSEJO NACIONAL DE DROGAS
201,PRESIDENCIA DE LA REPÚBLICA,1,MINISTERIO ADMINISTRATIVO DE LA PRESIDENCIA,18,COMISIÓN PERMANENTE DE EFEMÉRIDES PATRIA
201,PRESIDENCIA DE LA REPÚBLICA,1,MINISTERIO ADMINISTRATIVO DE LA PRESIDENCIA,24,AUTORIDAD NACIONAL DE ASUNTOS MARÍTIMOS (ANAMAR)
201,PRESIDENCIA DE LA REPÚBLICA,1,MINISTERIO ADMINISTRATIVO DE LA PRESIDENCIA,29,VICE PRESIDENCIA DE LA REPÚBLICA
201,PRESIDENCIA DE LA REPÚBLICA,1,MINISTERIO ADMINISTRATIVO DE LA PRESIDENCIA,31,DIRECCION DE PRENSA DEL PRESIDENTE
201,PRESIDENCIA DE LA REPÚBLICA,1,MINISTERIO ADMINISTRATIVO DE LA PRESIDENCIA,32,DIRECCION DE ESTRATEGIA Y COMUNICACION GUBERNAMENTAL
201,PRESIDENCIA DE LA REPÚBLICA,1,MINISTERIO ADMINISTRATIVO DE LA PRESIDENCIA,33,ECO5RD
201,PRESIDENCIA DE LA REPÚBLICA,1,MINISTERIO ADMINISTRATIVO DE LA PRESIDENCIA,34,DIRECCIÓN NACIONAL DE CONTROL DE DROGAS (DNCD)
201,PRESIDENCIA DE LA REPÚBLICA,2,GABINETE DE LA POLÍTICA SOCIAL,1,GABINETE SOCIAL DE LA PRESIDENCIA
201,PRESIDENCIA DE LA REPÚBLICA,2,GABINETE DE LA POLÍTICA SOCIAL,3,PLAN PRESIDENCIAL CONTRA LA POBREZA
201,PRESIDENCIA DE LA REPÚBLICA,2,GABINETE DE LA POLÍTICA SOCIAL,4,COMISION PRESIDENCIAL DE APOYO AL DESARROLLO BARRIAL
201,PRESIDENCIA DE LA REPÚBLICA,2,GABINETE DE LA POLÍTICA SOCIAL,7,PROGRAMA SUPÉRATE
201,PRESIDENCIA DE LA REPÚBLICA,2,GABINETE DE LA POLÍTICA SOCIAL,8,ADMINISTRADORA DE SUBSIDIOS SOCIALES
201,PRESIDENCIA DE LA REPÚBLICA,2,GABINETE DE LA POLÍTICA SOCIAL,10,CONSEJO NACIONAL DE LA PERSONA ENVEJECIENTE
201,PRESIDENCIA DE LA REPÚBLICA,2,GABINETE DE LA POLÍTICA SOCIAL,14,COMEDORES ECONOMICOS DEL ESTADO
201,PRESIDENCIA DE LA REPÚBLICA,2,GABINETE DE LA POLÍTICA SOCIAL,15,DIRECCIÓN GENERAL DE DESARROLLO DE LA COMUNIDAD
201,PRESIDENCIA DE LA REPÚBLICA,2,GABINETE DE LA POLÍTICA SOCIAL,16,DIRECCION GENERAL DE DESARROLLO FRONTERIZO
201,PRESIDENCIA DE LA REPÚBLICA,4,CONTRALORIA GENERAL DE LA REPUBLICA,1,CONTRALORIA GENERAL DE LA REPUBLICA
201,PRESIDENCIA DE LA REPÚBLICA,6,MINISTERIO DE LA PRESIDENCIA,1,MINISTERIO DE LA PRESIDENCIA
201,PRESIDENCIA DE LA REPÚBLICA,6,MINISTERIO DE LA PRESIDENCIA,4,SERVICIO INTEGRAL DE EMERGENCIAS
201,PRESIDENCIA DE LA REPÚBLICA,6,MINISTERIO DE LA PRESIDENCIA,5,UNIDAD EJECUTORA PARA LA READECUACION DE BARRIOS  Y ENTORNOS (URBE)
201,PRESIDENCIA DE LA REPÚBLICA,6,MINISTERIO DE LA PRESIDENCIA,6,CENTRO DE OPERACIONES DE EMERGENCIAS (COE)
201,PRESIDENCIA DE LA REPÚBLICA,6,MINISTERIO DE LA PRESIDENCIA,8,DIRECCION GENERAL DE ETICA E INTEGRIDAD GUBERNAMENTAL
201,PRESIDENCIA DE LA REPÚBLICA,6,MINISTERIO DE LA PRESIDENCIA,9,DIRECCIÓN GENERAL DE PROYECTOS ESTRATÉGICOS Y ESPECIALES DE LA PRESIDENCIA DE LA REPÚBLICA (PROPEEP)
201,PRESIDENCIA DE LA REPÚBLICA,6,MINISTERIO DE LA PRESIDENCIA,10,UNIDAD TECNICA EJECUTORA DE TITULACION DE TERRENOS DEL ESTADO
202,MINISTERIO DE  INTERIOR Y POLICÍA,1,MINISTERIO DE INTERIOR Y POLICIA,1,MINISTERIO DE INTERIOR Y POLICIA
202,MINISTERIO DE  INTERIOR Y POLICÍA,1,MINISTERIO DE INTERIOR Y POLICIA,2,DIRECCIÓN GENERAL DE MIGRACIÓN
202,MINISTERIO DE  INTERIOR Y POLICÍA,1,MINISTERIO DE INTERIOR Y POLICIA,3,INSTITUTO NACIONAL DE MIGRACION
202,MINISTERIO DE  INTERIOR Y POLICÍA,1,MINISTERIO DE INTERIOR Y POLICIA,4,"CUERPO DE BOMBEROS DE SANTO DOMINGO, DISTRITO NACIONAL"
202,MINISTERIO DE  INTERIOR Y POLICÍA,1,MINISTERIO DE INTERIOR Y POLICIA,5,CUERPO DE BOMBEROS SANTO DOMINGO NORTE
202,MINISTERIO DE  INTERIOR Y POLICÍA,1,MINISTERIO DE INTERIOR Y POLICIA,6,CUERPO DE BOMBEROS SANTO DOMINGO ESTE
202,MINISTERIO DE  INTERIOR Y POLICÍA,1,MINISTERIO DE INTERIOR Y POLICIA,7,CUERPO DE BOMBEROS DE SANTO DOMINGO DE BOCA CHICA
202,MINISTERIO DE  INTERIOR Y POLICÍA,1,MINISTERIO DE INTERIOR Y POLICIA,8,CUERPO DE BOMBEROS DE SANTO DOMINGO DE LOS ALCARRIZOS
202,MINISTERIO DE  INTERIOR Y POLICÍA,1,MINISTERIO DE INTERIOR Y POLICIA,9,CUERPO DE BOMBEROS DE SANTO DOMINGO DE PEDRO BRAND
202,MINISTERIO DE  INTERIOR Y POLICÍA,1,MINISTERIO DE INTERIOR Y POLICIA,10,CUERPO DE BOMBEROS DE SANTO DOMINGO OESTE
202,MINISTERIO DE  INTERIOR Y POLICÍA,2,POLICIA NACIONAL,1,POLICIA NACIONAL
202,MINISTERIO DE  INTERIOR Y POLICÍA,2,POLICIA NACIONAL,2,INSTITUTO POLICIAL DE EDUCACION SUPERIOR
202,MINISTERIO DE  INTERIOR Y POLICÍA,2,POLICIA NACIONAL,4,DIRECCION CENTRAL  DE  POLICIA DE TURISMO
202,MINISTERIO DE  INTERIOR Y POLICÍA,2,POLICIA NACIONAL,5,DIRECCION GENERAL DE SEGURIDAD DE TRANSITO Y TRANSPORTE TERRESTRE (DIGESETT)
202,MINISTERIO DE  INTERIOR Y POLICÍA,2,POLICIA NACIONAL,7,DIRECCION GENERAL DE LA RESERVA DE LA POLICIA NACIONAL
202,MINISTERIO DE  INTERIOR Y POLICÍA,2,POLICIA NACIONAL,8,HOSPITAL GENERAL DOCENTE DE LA POLICIA NACIONAL
202,MINISTERIO DE  INTERIOR Y POLICÍA,2,POLICIA NACIONAL,9,COMITÉ DE RETIRO DE LA POLICIA NACIONAL
203,MINISTERIO DE DEFENSA,1,MINISTERIO DE DEFENSA,1,MINISTERIO DE DEFENSA
203,MINISTERIO DE DEFENSA,1,MINISTERIO DE DEFENSA,2,DIRECCION GENERAL DE ESCUELAS VOCACIONALES
203,MINISTERIO DE DEFENSA,1,MINISTERIO DE DEFENSA,3,DIRECCIÓN GENERAL DE COMUNIDADES FRONTERIZAS
203,MINISTERIO DE DEFENSA,1,MINISTERIO DE DEFENSA,4,INSTITUTO DE SEGURIDAD SOCIAL DE LAS FUERZAS ARMADAS
203,MINISTERIO DE DEFENSA,1,MINISTERIO DE DEFENSA,5,HOSPITAL CENTRAL FUERZAS  ARMADAS
203,MINISTERIO DE DEFENSA,1,MINISTERIO DE DEFENSA,6,INSTITUTO CARTOGRÁFICO MILITAR DE LAS FUERZAS ARMADAS
203,MINISTERIO DE DEFENSA,1,MINISTERIO DE DEFENSA,7,ESC DE GRAD.DE COM.Y ESTADO MAYOR CONJ.'GRAL DE DIV. GREGORIO LUPERON'
203,MINISTERIO DE DEFENSA,1,MINISTERIO DE DEFENSA,8,CÍRCULO DEPORTIVO DE LAS FUERZAS ARMADAS Y LA POLICIA NACIONAL
203,MINISTERIO DE DEFENSA,1,MINISTERIO DE DEFENSA,9,ESCUELA DE GRADUADOS EN DERECHOS HUMANOS Y DERECHO INTERNACIONAL HUMANITARIO
203,MINISTERIO DE DEFENSA,1,MINISTERIO DE DEFENSA,10,'ESCUELA DE GRADUADOS DE ALTOS ESTUDIOS ESTRATÉGICOS' (EGAEE)
203,MINISTERIO DE DEFENSA,1,MINISTERIO DE DEFENSA,11,COMISION PERMANENTE PARA LA REFORMA Y MODERNIZACIÓN DE LAS  FF.AA Y P.N.
203,MINISTERIO DE DEFENSA,1,MINISTERIO DE DEFENSA,12,CUERPO ESPECIALIZADO DE SEGURIDAD FRONTERIZA TERRESTRE
203,MINISTERIO DE DEFENSA,1,MINISTERIO DE DEFENSA,14,DIRECCION GENERAL DE LA RESERVA DE LAS FUERZAS ARMADAS Y POLICIA NACIONAL
203,MINISTERIO DE DEFENSA,1,MINISTERIO DE DEFENSA,15,CUERPOS ESPECIALIZADOS DE SEGURIDAD PORTUARIA
203,MINISTERIO DE DEFENSA,1,MINISTERIO DE DEFENSA,17,SERVICIO MILITAR VOLUNTARIO
203,MINISTERIO DE DEFENSA,1,MINISTERIO DE DEFENSA,19,SUPERINTENDENCIA DE VIGILANCIA Y SEGURIDAD PRIVADA
203,MINISTERIO DE DEFENSA,1,MINISTERIO DE DEFENSA,20,CUERPO ESPECIALIZADO PARA LA SEGURIDAD DEL METRO DE SANTO DOMINGO
203,MINISTERIO DE DEFENSA,1,MINISTERIO DE DEFENSA,26,Cuerpo Especializado de Seguridad Aeroportuaria y de Aviación Civil (CESAC)
203,MINISTERIO DE DEFENSA,1,MINISTERIO DE DEFENSA,27,DIRECCION GENERAL DEL PLAN SOCIAL DEL MINISTERIO DE DEFENSA
203,MINISTERIO DE DEFENSA,1,MINISTERIO DE DEFENSA,28,UNIVERSIDAD NACIONAL PARA LA DEFENSA GENERAL JUAN PABLO DUARTE Y DIEZ (UNADE)
203,MINISTERIO DE DEFENSA,1,MINISTERIO DE DEFENSA,30,SERVICIO NACIONAL DE PROTECCION AMBIENTAL
203,MINISTERIO DE DEFENSA,1,MINISTERIO DE DEFENSA,31,DIRECCIÓN GENERAL DE LA INDUSTRIA MILITAR DE LAS FUERZAS ARMADAS
203,MINISTERIO DE DEFENSA,1,MINISTERIO DE DEFENSA,32,CUERPO DE SEGURIDAD PRESIDENCIAL (CUSEP)
203,MINISTERIO DE DEFENSA,2,EJERCITO DE LA  REPUBLICA DOMINICANA,1,EJERCITO DE LA REPUBLICA DOMINICANA
203,MINISTERIO DE DEFENSA,2,EJERCITO DE LA  REPUBLICA DOMINICANA,2,ACADEMIA MILITAR BATALLA DE LA CARRERA
203,MINISTERIO DE DEFENSA,2,EJERCITO DE LA  REPUBLICA DOMINICANA,3,ESCUELA DE GRADUADOS DE ESTUDIOS MILITARES DEL EJERCITO DE REP. DOM.
203,MINISTERIO DE DEFENSA,2,EJERCITO DE LA  REPUBLICA DOMINICANA,4,PRIMER REGIMIENTO DE LA GUARDIA PRESIDENCIAL
203,MINISTERIO DE DEFENSA,3,ARMADA DE LA REPUBLICA DOMINICANA,1,ARMADA DE LA REPUBLICA DOMINICANA
203,MINISTERIO DE DEFENSA,3,ARMADA DE LA REPUBLICA DOMINICANA,2,"DIRECCION GENERAL DE DRAGAS, PRESAS Y BALIZAMIENTO, M.G"
203,MINISTERIO DE DEFENSA,3,ARMADA DE LA REPUBLICA DOMINICANA,3,SERVICIOS DE PESCA
203,MINISTERIO DE DEFENSA,4,FUERZA AEREA DE LA  REPUBLICA DOMINICANA,1,FUERZA AEREA DE LA  REPUBLICA DOMINICANA
203,MINISTERIO DE DEFENSA,4,FUERZA AEREA DE LA  REPUBLICA DOMINICANA,2,HOSPITAL MILITAR FAD DR RAMON DE LARA
203,MINISTERIO DE DEFENSA,4,FUERZA AEREA DE LA  REPUBLICA DOMINICANA,3,FORMACION Y CAPACITACION TECNICO PROFESIONAL (IMESA)
204,MINISTERIO DE RELACIONES EXTERIORES,1,MINISTERIO DE RELACIONES EXTERIORES,1,MINISTERIO DE RELACIONES EXTERIORES
204,MINISTERIO DE RELACIONES EXTERIORES,1,MINISTERIO DE RELACIONES EXTERIORES,2,DIRECCION GENERAL DE PASAPORTES
204,MINISTERIO DE RELACIONES EXTERIORES,1,MINISTERIO DE RELACIONES EXTERIORES,3,INSTITUTO DE EDUCACION SUPERIOR
204,MINISTERIO DE RELACIONES EXTERIORES,1,MINISTERIO DE RELACIONES EXTERIORES,4,CONSEJO NACIONAL DE FRONTERAS
204,MINISTERIO DE RELACIONES EXTERIORES,1,MINISTERIO DE RELACIONES EXTERIORES,5,COMISION NACIONAL DE NEGOCIACIONES  COMERCIALES (CNNC)
205,MINISTERIO DE HACIENDA,1,MINISTERIO DE HACIENDA,1,MINISTERIO DE HACIENDA
205,MINISTERIO DE HACIENDA,1,MINISTERIO DE HACIENDA,2,DIRECCION NACIONAL DE CATASTRO
205,MINISTERIO DE HACIENDA,1,MINISTERIO DE HACIENDA,3,ADMINISTRACION GENERAL DE BIENES NACIONALES
205,MINISTERIO DE HACIENDA,1,MINISTERIO DE HACIENDA,4,DIRECCION GENERAL DE CONTRATACIONES PUBLICAS
205,MINISTERIO DE HACIENDA,1,MINISTERIO DE HACIENDA,5,DIRECCION GENERAL DE POLITICA Y LEGISLACION TRIBUTARIA
205,MINISTERIO DE HACIENDA,1,MINISTERIO DE HACIENDA,6,CENTRO DE CAPACITACIÓN EN POLITICA Y GESTION FISCAL
205,MINISTERIO DE HACIENDA,1,MINISTERIO DE HACIENDA,8,TESORERIA NACIONAL
205,MINISTERIO DE HACIENDA,1,MINISTERIO DE HACIENDA,9,DIRECCIÓN GENERAL DE CONTABILIDAD GUBERNAMENTAL
205,MINISTERIO DE HACIENDA,1,MINISTERIO DE HACIENDA,10,DIRECCION GENERAL  DE PRESUPUESTO
205,MINISTERIO DE HACIENDA,1,MINISTERIO DE HACIENDA,11,DIRECCION GENERAL DE CREDITO PUBLICO
205,MINISTERIO DE HACIENDA,1,MINISTERIO DE HACIENDA,12,DIRECCION GENERAL DE JUBILACIONES Y PENSIONES A CARGO DEL ESTADO
206,MINISTERIO DE EDUCACIÓN,1,MINISTERIO DE EDUCACION,1,MINISTERIO DE EDUCACION
206,MINISTERIO DE EDUCACIÓN,1,MINISTERIO DE EDUCACION,2,OFICINA DE COOPERACIÓN INTERNACIONAL (OCI)
206,MINISTERIO DE EDUCACIÓN,1,MINISTERIO DE EDUCACION,4,INSTITUTO NACIONAL DE EDUCACIÓN FISICA
206,MINISTERIO DE EDUCACIÓN,1,MINISTERIO DE EDUCACION,5,INSTITUTO NACIONAL DE BIENESTAR MAGISTERIAL
206,MINISTERIO DE EDUCACIÓN,1,MINISTERIO DE EDUCACION,6,INSTITUTO DOM. DE EVALUACIÓN E INVESTIGACIÓN DE LA CALIDAD EDUCATIVA
206,MINISTERIO DE EDUCACIÓN,1,MINISTERIO DE EDUCACION,7,INSTITUTO NACIONAL DE FORMACIÓN Y CAPACITACIÓN MAGISTERIAL
206,MINISTERIO DE EDUCACIÓN,1,MINISTERIO DE EDUCACION,8,INSTITUTO SUPERIOR DE FORMACIÓN DOCENTE  SALOME UREÑA
206,MINISTERIO DE EDUCACIÓN,1,MINISTERIO DE EDUCACION,10,INSTITUTO NACIONAL DE BIENESTAR ESTUDIANTIL (INABIE)
206,MINISTERIO DE EDUCACIÓN,1,MINISTERIO DE EDUCACION,11,CENTRO DE ATENCIÓN INTEGRAL PARA LA DISCAPACIDAD (CAID)
206,MINISTERIO DE EDUCACIÓN,1,MINISTERIO DE EDUCACION,12,DIRECCION DE INFRAESTRUCTURA ESCOLAR
207,MINISTERIO DE SALUD PÚBLICA Y ASISTENCIA SOCIAL,1,MINISTERIO DE SALUD PUBLICA Y ASISTENCIA SOCIAL,1,MINISTERIO DE SALUD PUBLICA Y ASISTENCIA SOCIAL
207,MINISTERIO DE SALUD PÚBLICA Y ASISTENCIA SOCIAL,1,MINISTERIO DE SALUD PUBLICA Y ASISTENCIA SOCIAL,7,CONSEJO NACIONAL PARA EL VIH SIDA
207,MINISTERIO DE SALUD PÚBLICA Y ASISTENCIA SOCIAL,1,MINISTERIO DE SALUD PUBLICA Y ASISTENCIA SOCIAL,17,PROGRAMA DE MEDICAMENTOS ESENCIALES
207,MINISTERIO DE SALUD PÚBLICA Y ASISTENCIA SOCIAL,1,MINISTERIO DE SALUD PUBLICA Y ASISTENCIA SOCIAL,32,"DIRECCIÓN GENERAL DE MEDICAMENTOS, ALIMENTOS Y PRODUCTOS SANITARIOS (DIGEMAPS)"
208,MINISTERIO DE DEPORTES Y RECREACIÓN,1,MINISTERIO DE DEPORTES Y RECREACIÓN,1,MINISTERIO DE DEPORTES Y RECREACIÓN
208,MINISTERIO DE DEPORTES Y RECREACIÓN,1,MINISTERIO DE DEPORTES Y RECREACIÓN,2,COMISIÓN HÍPICA NACIONAL
208,MINISTERIO DE DEPORTES Y RECREACIÓN,1,MINISTERIO DE DEPORTES Y RECREACIÓN,3,DIRECCION DEL COMISIONADO NACIONAL DE BEISBOL
209,MINISTERIO DE TRABAJO,1,MINISTERIO DE TRABAJO,1,MINISTERIO DE TRABAJO
210,MINISTERIO DE AGRICULTURA,1,MINISTERIO DE AGRICULTURA,1,MINISTERIO DE AGRICULTURA
210,MINISTERIO DE AGRICULTURA,1,MINISTERIO DE AGRICULTURA,2,DIRECCION GENERAL DE GANADERIA
210,MINISTERIO DE AGRICULTURA,1,MINISTERIO DE AGRICULTURA,3,OFICINA DE TRATADOS COMERCIALES AGRICOLAS
210,MINISTERIO DE AGRICULTURA,1,MINISTERIO DE AGRICULTURA,5,DIRECCION EJECUTIVA DE LA COMISION DE FOMENTO A LA TECNIFICACION DEL SISTEMA NACIONAL DE RIEGO
210,MINISTERIO DE AGRICULTURA,1,MINISTERIO DE AGRICULTURA,6,CONSEJO NACIONAL DE PRODUCCIÓN PECUARIA (CONAPROPE)
210,MINISTERIO DE AGRICULTURA,1,MINISTERIO DE AGRICULTURA,7,CONSEJO NACIONAL PARA LA REGLAMENTACIÓN Y FOMENTO DE LA INDUSTRIA LECHERA
211,MINISTERIO DE OBRAS PÚBLICAS Y COMUNICACIONES,1,MINISTERIO DE OBRAS PUBLICAS Y COMUNICACIONES,1,MINISTERIO DE OBRAS PUBLICAS Y COMUNICACIONES
211,MINISTERIO DE OBRAS PÚBLICAS Y COMUNICACIONES,1,MINISTERIO DE OBRAS PUBLICAS Y COMUNICACIONES,2,DIRECCION GENERAL DE EMBELLECIMIENTO DE CARRETERAS Y AVENIDAS DE CIRCUNV.
211,MINISTERIO DE OBRAS PÚBLICAS Y COMUNICACIONES,1,MINISTERIO DE OBRAS PUBLICAS Y COMUNICACIONES,3,OFICINA PARA EL REORDENAMIENTO DEL TRANSPORTE
211,MINISTERIO DE OBRAS PÚBLICAS Y COMUNICACIONES,1,MINISTERIO DE OBRAS PUBLICAS Y COMUNICACIONES,6,OFICINA NAC. DE EVALUACIÓN SÍSMICA Y VULNERABILIDAD DE INFRAESTRUCTURA
211,MINISTERIO DE OBRAS PÚBLICAS Y COMUNICACIONES,1,MINISTERIO DE OBRAS PUBLICAS Y COMUNICACIONES,11,JUNTA DE AVIACIÓN CIVIL
212,"MINISTERIO DE INDUSTRIA, COMERCIO Y MIPYMES (MICM)",1,"MINISTERIO DE INDUSTRIA, COMERCIO Y MIPYMES (MICM)",1,"MINISTERIO DE INDUSTRIA, COMERCIO y MIPYMES (MICM)"
212,"MINISTERIO DE INDUSTRIA, COMERCIO Y MIPYMES (MICM)",1,"MINISTERIO DE INDUSTRIA, COMERCIO Y MIPYMES (MICM)",7,INDUSTRIA NACIONAL DE LA AGUJA
212,"MINISTERIO DE INDUSTRIA, COMERCIO Y MIPYMES (MICM)",1,"MINISTERIO DE INDUSTRIA, COMERCIO Y MIPYMES (MICM)",8,OFICINA NACIONAL DE DERECHO DE AUTOR
212,"MINISTERIO DE INDUSTRIA, COMERCIO Y MIPYMES (MICM)",1,"MINISTERIO DE INDUSTRIA, COMERCIO Y MIPYMES (MICM)",9,DIRECCION DE FOMENTO Y DESARROLLO DE LA ARTESANIA NACIONAL (FODEARTE)
212,"MINISTERIO DE INDUSTRIA, COMERCIO Y MIPYMES (MICM)",1,"MINISTERIO DE INDUSTRIA, COMERCIO Y MIPYMES (MICM)",10,CONSEJO DE COORDINACIÓN DE LA ZONA ESPECIAL DE DESARROLLO FRONTERIZO (CCDF)
213,MINISTERIO DE TURISMO,1,MINISTERIO DE TURISMO,1,MINISTERIO DE TURISMO
213,MINISTERIO DE TURISMO,1,MINISTERIO DE TURISMO,2,COMITE EJECUTOR DE INFRAESTRUCTA EN ZONAS TURISTICAS (CEIZTUR)
214,PROCURADURÍA GENERAL DE LA REPÚBLICA,1,PROCURADURIA GENERAL DE LA REPUBLICA,1,PROCURADURIA GENERAL DE LA REPUBLICA DOMINICANA
215,MINISTERIO DE LA MUJER,1,MINISTERIO DE LA  MUJER,1,MINISTERIO DE LA MUJER
216,MINISTERIO DE CULTURA,1,MINISTERIO DE CULTURA,1,MINISTERIO DE CULTURA
216,MINISTERIO DE CULTURA,1,MINISTERIO DE CULTURA,2,ORQUESTA SINFÓNICA NACIONAL
216,MINISTERIO DE CULTURA,1,MINISTERIO DE CULTURA,3,BIBLIOTECA NACIONAL PEDRO HENRÍQUEZ UREÑA
216,MINISTERIO DE CULTURA,1,MINISTERIO DE CULTURA,5,DIRECCIÓN GENERAL DE BELLAS ARTES
216,MINISTERIO DE CULTURA,1,MINISTERIO DE CULTURA,6,DIRECCIÓN GENERAL DE MUSEOS
217,MINISTERIO DE LA JUVENTUD,1,MINISTERIO DE LA JUVENTUD,1,MINISTERIO DE LA JUVENTUD
218,MINISTERIO DE MEDIO AMBIENTE Y RECURSOS NATURALES,1,MINISTERIO DE MEDIO AMBIENTE Y REC. NAT.,1,MINISTERIO  DE MEDIO AMBIENTE Y RECURSOS NATURALES
218,MINISTERIO DE MEDIO AMBIENTE Y RECURSOS NATURALES,1,MINISTERIO DE MEDIO AMBIENTE Y REC. NAT.,7,UNIDAD TÉCNICA EJECUTORA DE PROYECTOS DE DESARROLLO AGROFORESTAL
219,MINISTERIO DE EDUCACIÓN SUPERIOR CIENCIA Y TECNOLOGÍA,1,MINISTERIO DE EDUCACION SUPERIOR CIENCIA Y TECNOLOGIA,1,"MINISTERIO DE EDUCACION SUPERIOR, CIENCIA Y TECNOLOGIA"
219,MINISTERIO DE EDUCACIÓN SUPERIOR CIENCIA Y TECNOLOGÍA,1,MINISTERIO DE EDUCACION SUPERIOR CIENCIA Y TECNOLOGIA,2,INSTITUTO TECNOLÓGICO DE LAS AMÉRICAS
219,MINISTERIO DE EDUCACIÓN SUPERIOR CIENCIA Y TECNOLOGÍA,1,MINISTERIO DE EDUCACION SUPERIOR CIENCIA Y TECNOLOGIA,3,INSTITUTO TECNICO SUPERIOR COMUNITARIO
219,MINISTERIO DE EDUCACIÓN SUPERIOR CIENCIA Y TECNOLOGÍA,1,MINISTERIO DE EDUCACION SUPERIOR CIENCIA Y TECNOLOGIA,4,COMISION INTERNACIONAL ASESORA CIENCIA Y TECNOLOGIA
220,"MINISTERIO DE ECONOMÍA, PLANIFICACIÓN Y DESARROLLO",1,"MINISTERIO DE ECONOMIA, PLANIFICACION Y DESARROLLO",1,"MINISTERIO DE ECONOMIA, PLANIFICACION Y DESARROLLO"
220,"MINISTERIO DE ECONOMÍA, PLANIFICACIÓN Y DESARROLLO",1,"MINISTERIO DE ECONOMIA, PLANIFICACION Y DESARROLLO",5,DIRECCION GENERAL DE COOPERACION MULTILATERAL
220,"MINISTERIO DE ECONOMÍA, PLANIFICACIÓN Y DESARROLLO",1,"MINISTERIO DE ECONOMIA, PLANIFICACION Y DESARROLLO",9,OFICINA NACIONAL DE ESTADISTICAS
220,"MINISTERIO DE ECONOMÍA, PLANIFICACIÓN Y DESARROLLO",1,"MINISTERIO DE ECONOMIA, PLANIFICACION Y DESARROLLO",17,GOBERNACION DEL EDIFICIO DE OFICINAS GUBERNAMENTALES
220,"MINISTERIO DE ECONOMÍA, PLANIFICACIÓN Y DESARROLLO",1,"MINISTERIO DE ECONOMIA, PLANIFICACION Y DESARROLLO",18,SISTEMA ÚNICO DE BENEFICIARIOS
221,MINISTERIO DE ADMINISTRACIÓN PÚBLICA,1,MINISTERIO DE ADMINISTRACION PUBLICA (MAP),1,MINISTERIO DE ADMINISTRACION PUBLICA
221,MINISTERIO DE ADMINISTRACIÓN PÚBLICA,1,MINISTERIO DE ADMINISTRACION PUBLICA (MAP),2,INSTITUTO NACIONAL DE ADMINISTRACION PUBLICA
221,MINISTERIO DE ADMINISTRACIÓN PÚBLICA,1,MINISTERIO DE ADMINISTRACION PUBLICA (MAP),3,OFICINA GUBERNAMENTAL DE TECNOLOGIA DE LA INFORMACION Y LA COMUNICACION (OGTIC)
222,MINISTERIO DE ENERGIA Y MINAS,1,MINISTERIO DE ENERGIA Y MINAS,1,MINISTERIO DE ENERGIA Y MINAS
222,MINISTERIO DE ENERGIA Y MINAS,1,MINISTERIO DE ENERGIA Y MINAS,2,DIRECCION GENERAL DE MINERIA
223,"MINISTERIO DE LA VIVIENDA, HABITAT Y EDIFICACIONES (MIVHED)",1,"MINISTERIO DE LA VIVIENDA, HABITAT Y EDIFICACIONES (MIVHED)",1,"MINISTERIO DE LA VIVIENDA, HABITAT Y EDIFICACIONES (MIVHED)"
301,PODER JUDICIAL,1,PODER JUDICIAL,1,CONSEJO DEL PODER JUDICIAL
401,JUNTA CENTRAL ELECTORAL,1,JUNTA CENTRAL ELECTORAL,1,JUNTA CENTRAL ELECTORAL
402,CÁMARA DE CUENTAS,1,CAMARA DE CUENTAS,1,CAMARA DE CUENTAS DE LA REPUBLICA DOMINICANA
403,TRIBUNAL CONSTITUCIONAL,1,TRIBUNAL CONSTITUCIONAL,1,TRIBUNAL CONSTITUCIONAL
404,DEFENSOR DEL PUEBLO,1,DEFENSOR DEL PUEBLO,1,DEFENSOR DEL PUEBLO
405,TRIBUNAL SUPERIOR  ELECTORAL ( TSE),1,TRIBUNAL SUPERIOR  ELECTORAL ( TSE),1,TRIBUNAL SUPERIOR  ELECTORAL TSE
406,OFICINA NACIONAL DE DEFENSA PUBLICA,1,OFICINA NACIONAL DE DEFENSA PUBLICA,1,OFICINA NACIONAL DE DEFENSA PUBLICA
998,ADMINISTRACION DE DEUDA PUBLICA Y ACTIVOS FINANCIEROS,1,DEUDA PUBLICA Y OTRAS OPERACIONES FINANCIERAS,1,MINISTERIO  DE HACIENDA (DEUDA PUBLICA)
999,ADMINISTRACION DE OBLIGACIONES DEL TESORO NACIONAL,1,ADM. DE OBLIGACIONES DEL TESORO,1,MINISTERIO DE HACIENDA (OBLIGACIONES DEL TESORO)
5102,CENTRO DE EXPORTACIONES E INVERSIONES DE LA REP. DOM.,1,CENTRO DE EXPORTACION E INVERSION DE LA REPUBLICA DOMINICANA,1,CENTRO DE EXPORTACION E INVERSION DE LA REPUBLICA DOMINICANA
5103,CONSEJO NACIONAL DE POBLACIÓN Y FAMILIA,1,CONSEJO NACIONAL DE POBLACION Y FAMILIA,1,CONSEJO NACIONAL DE POBLACION Y FAMILIA
5104,DEPARTAMENTO AEROPORTUARIO,1,DEPARTAMENTO AEROPORTUARIO,1,DEPARTAMENTO AEROPORTUARIO
5109,DEFENSA CIVIL,1,DEFENSA CIVIL,1,DEFENSA CIVIL
5111,INSTITUTO AGRARIO DOMINICANO,1,INSTITUTO AGRARIO DOMINICANO,1,INSTITUTO AGRARIO DOMINICANO
5112,INSTITUTO AZUCARERO DOMINICANO,1,INSTITUTO AZUCARERO DOMINICANO,1,INSTITUTO AZUCARERO DOMINICANO
5118,INSTITUTO NACIONAL DE RECURSOS HIDRAÚLICOS (INDRHI),1,INSTITUTO NACIONAL DE RECURSOS HIDRAULICOS -INDRHI-,1,INSTITUTO NACIONAL DE RECURSOS HIDRAULICOS -INDRHI-
5119,INSTITUTO PARA EL DESARROLLO DEL SUROESTE,1,INSTITUTO PARA EL DESARROLLO DEL SUROESTE -INDESUR-,1,INSTITUTO PARA EL DESARROLLO DEL SUROESTE -INDESUR-
5120,JARDÍN BOTÁNICO,1,JARDIN BOTANICO NACIONAL,1,JARDIN BOTANICO NACIONAL
5121,LIGA MUNICIPAL DOMINICANA,1,LIGA MUNICIPAL DOMINICANA,1,LIGA MUNICIPAL DOMINICANA
5127,SUPERINTENDENCIA DE SEGUROS,1,SUPERINTENDENCIA DE SEGUROS,1,SUPERINTENDENCIA DE SEGUROS
5128,UNIVERSIDAD AUTÓNOMA DE SANTO DOMINGO,1,UNIVERSIDAD AUTONOMA DE SANTO DOMINGO,1,UNIVERSIDAD AUTONOMA DE SANTO DOMINGO
5130,PARQUE ZOOLÓGICO NACIONAL,1,PARQUE ZOOLOGICO NACIONAL,1,PARQUE ZOOLOGICO NACIONAL
5131,INSTITUTO DOMINICANO DE LAS TELECOMUNICACIONES,1,INSTITUTO DOMINICANO DE LA TELECOMUNICACIONES,1,INSTITUTO DOMINICANO DE LA TELECOMUNICACIONES
5132,INSTITUTO DOMINICANO DE INVESTIGACIONES AGROPECUARIAS Y FORESTALES,1,INSTITUTO DOMINICANO DE INVESTIGACIONES AGROPECUARIAS Y FORESTALES,1,INSTITUTO DOMINICANO DE INVESTIGACIONES AGROPECUARIAS Y FORESTALES
5133,MUSEO DE HISTORIA NATURAL,1,MUSEO DE HISTORIA NATURAL,1,MUSEO DE HISTORIA NATURAL
5134,ACUARIO NACIONAL,1,ACUARIO NACIONAL,1,ACUARIO NACIONAL
5135,OFICINA NACIONAL DE PROPIEDAD INDUSTRIAL,1,OFICINA NACIONAL DE LA PROPIEDAD INDUSTRIAL,1,OFICINA NACIONAL DE LA PROPIEDAD INDUSTRIAL
5136,INSTITUTO DOMINICANO DEL CAFÉ,1,INSTITUTO DOMINICANO DEL CAFÉ,1,INSTITUTO DOMINICANO DEL CAFÉ
5137,INSTITUTO DUARTIANO,1,INSTITUTO DUARTIANO,1,INSTITUTO DUARTIANO
5138,COMISIÓN NACIONAL DE ENERGÍA,1,COMISION NACIONAL DE ENERGIA,1,COMISION NACIONAL DE ENERGIA
5139,SUPERINTENDENCIA DE ELECTRICIDAD,1,SUPERINTENDENCIA DE ELECTRICIDAD,1,SUPERINTENDENCIA DE ELECTRICIDAD
5140,INSTITUTO DEL TABACO DE LA REPÚBLICA DOMINICANA,1,INSTITUTO DEL TABACO DE LA REPÚBLICA DOMINICANA,1,INSTITUTO DEL TABACO DE LA REPÚBLICA DOMINICANA
5142,FONDO PATRIMONIAL DE LAS EMPRESAS REFORMADAS,1,FONDO PATRIMONIAL DE EMPRESAS REFORMADAS,1,FONDO PATRIMONIAL DE EMPRESAS REFORMADAS
5143,INSTITUTO DE DESARROLLO Y CRÉDITO COOPERATIVO,1,INSTITUTO DE DESARROLLO Y CREDITO COOPERATIVO,1,INSTITUTO DE DESARROLLO Y CREDITO COOPERATIVO
5144,FONDO ESPECIAL PARA EL DESARROLLO AGROPECUARIO,1,FONDO ESPECIAL PARA EL DESARROLLO AGROPECUARIO,1,FONDO ESPECIAL PARA EL DESARROLLO AGROPECUARIO
5147,INSTITUTO NACIONAL DE LA UVA,1,INSTITUTO NACIONAL DE LA UVA,1,INSTITUTO NACIONAL DE LA UVA
5150,CONSEJO NACIONAL DE ZONAS FRANCAS,1,CONSEJO NACIONAL DE ZONAS FRANCAS,1,Consejo Nacional de Zonas Francas
5151,CONSEJO NACIONAL PARA LA NIÑEZ Y LA ADOLESCENCIA,1,CONSEJO NACIONAL PARA LA NIÑEZ Y LA ADOLESCENCIA,1,CONSEJO NACIONAL PARA LA NIÑEZ Y LA ADOLESCENCIA
5154,INSTITUTO DE INNOVACION EN BIOTECNOLOGIA E INDUSTRIAL (IIBI),1,INSTITUTO NACIONAL DE INNOVACION EN BIOTECNOLOGIA E INDUSTRIA,1,INSTITUTO  DE INNOVACION EN BIOTECNOLOGIA E INDUSTRIA
5155,INSTITUTO DE FORMACIÓN TÉCNICO PROFESIONAL (INFOTEP),1,INSTITUTO NACIONAL DE FORMACION TECNICO PROFESIONAL - INFOTEP,1,INSTITUTO NACIONAL DE FORMACION TECNICO PROFESIONAL - INFOTEP
5157,CORPORACION DOMICANA DE EMPRESAS ESTATALES (CORDE,1,CORPORACION DOMICANA DE EMPRESAS ESTATALES (CORDE),1,CORPORACION DOMICANA DE EMPRESAS ESTATALES (CORDE
5158,DIRECCION GENERAL DE ADUANAS,1,DIRECCION GENERAL DE ADUANAS,1,DIRECCION GENERAL DE ADUANAS
5159,DIRECCION GENERAL DE IMPUESTOS INTERNOS,1,DIRECCION GENERAL DE IMPUESTOS INTERNOS,1,DIRECCION GENERAL DE IMPUESTOS INTERNOS
5161,INSTITUTO DE PROTECCION DE LOS DERECHOS AL CONSUMIDOR,1,INSTITUTO NACIONAL DE PROTECCION DE LOS DERECHOS DEL CONSUMIDOR,1,INSTITUTO NACIONAL DE PROTECCION DE LOS DERECHOS DEL CONSUMIDOR
5162,INSTITUTO DOMINICANO DE AVIACION CIVIL,1,INSTITUTO DOMINICANO DE AVIACION CIVIL,1,INSTITUTO DOMINICANO DE AVIACION CIVIL
5163,CONSEJO DOMINICANO DE PESCA Y ACUICULTURA,1,CONSEJO DOMINICANO DE PESCA Y ACUICULTURA,1,CONSEJO DOMINICANO DE PESCA Y ACUICULTURA
5165,COMISION REGULADORA DE PRACTICAS DESLEALES,1,COMISION REGULADORA DE PRACTICAS DESLEALES,1,COMISION REGULADORA DE PRACTICAS DESLEALES EN EL COMERCIO
5166,COMISION NACIONAL DE DEFENSA DE LA COMPETENCIA,1,COMISION NACIONAL DE DEFENSA DE LA COMPETENCIA,1,COMISION NACIONAL  DE DEFENSA DE LA COMPETENCIA
5168,ARCHIVO GENERAL DE LA NACIÓN,1,ARCHIVO GENERAL DE LA NACION,1,ARCHIVO GENERAL DE LA NACION
5169,DIRECCIÓN GENERAL DE CINE (DGCINE),1,DIRECCION GENERAL DE CINE (DGCINE),1,DIRECCION GENERAL DE CINE (DGCINE)
5171,INSTITUTO DOMINICANO PARA LA CALIDAD (INDOCAL),1,INSTITUTO DOMINICANO PARA LA CALIDAD (INDOCAL),1,INSTITUTO DOMINICANO PARA LA CALIDAD (INDOCAL)
5172,ORGANISMO DOMINICANO DE ACREDITACION (ODAC),1,ORGANISMO DOMINICANO DE ACREDITACION (ODAC),1,ORGANISMO DOMINICANO DE ACREDITACION
5174,MERCADOS DOMINICANOS DE ABASTO AGROPECUARIO,1,MERCADOS DOMINICANOS DE ABASTO AGROPECUARIO,1,Mercados Dominicanos de Abasto Agropecuario
5175,CONSEJO NACIONAL DE COMPETITIVIDAD,1,CONSEJO NACIONAL DE COMPETITIVIDAD,1,CONSEJO NACIONAL DE COMPETITIVIDAD
5176,CONSEJO NACIONAL DE DISCAPACIDAD (CONADIS),1,CONSEJO NACIONAL DE DISCAPACIDAD (CONADIS),1,CONSEJO NACIONAL DE DISCAPACITADOS (CONADIS)
5177,CONSEJO NAC. DE INVESTIGACIONES AGROPECUARIAS Y FORESTALES (CONIAF),1,CONSEJO NACIONAL DE INVESTIGACIONES AGROPECUARIAS Y FORESTALES (CONIAF,1,CONSEJO NACIONAL DE INVESTIGACIONES AGROPECUARIAS Y FORESTALES (CONIAF)
5178,FONDO NACIONAL PARA EL MEDIO AMBIENTE Y RECURSOS NATURALES,1,FONDO NACIONAL PARA EL MEDIO AMBIENTE Y RECURSOS NATURALES,1,FONDO NACIONAL PARA EL MEDIO AMBIENTE Y RECURSOS NATURALES
5179,SERVICIO GEOLOGICO NACIONAL,1,SERVICIO GEOLOGICO NACIONAL,1,SERVICIO GEOLOGICO NACIONAL
5180,DIRECCION CENTRAL DEL SERVICIO NACIONAL DE SALUD,1,DIRECCION CENTRAL DEL SERVICIO NACIONAL DE SALUD,1,DIRECCIÓN CENTRAL DEL SERVICIO NACIONAL DE SALUD
5180,DIRECCION CENTRAL DEL SERVICIO NACIONAL DE SALUD,1,DIRECCION CENTRAL DEL SERVICIO NACIONAL DE SALUD,2,HOSPITAL GENERAL DR. VINICIO CALVENTI
5180,DIRECCION CENTRAL DEL SERVICIO NACIONAL DE SALUD,1,DIRECCION CENTRAL DEL SERVICIO NACIONAL DE SALUD,3,HOSPITAL GENERAL DE ESPECIALIDADES DR. NELSON ASTACIO
5180,DIRECCION CENTRAL DEL SERVICIO NACIONAL DE SALUD,1,DIRECCION CENTRAL DEL SERVICIO NACIONAL DE SALUD,4,HOSPITAL REGIONAL DR. MARCELINO VELEZ SANTANA
5180,DIRECCION CENTRAL DEL SERVICIO NACIONAL DE SALUD,1,DIRECCION CENTRAL DEL SERVICIO NACIONAL DE SALUD,5,HOSPITAL TRAUMATOLOGICO QUIRURGICO PROFESOR JUAN BOSCH
5180,DIRECCION CENTRAL DEL SERVICIO NACIONAL DE SALUD,1,DIRECCION CENTRAL DEL SERVICIO NACIONAL DE SALUD,6,HOSPITAL TRAUMATOLOGICO DR. NEY ARIAS LORA
5180,DIRECCION CENTRAL DEL SERVICIO NACIONAL DE SALUD,1,DIRECCION CENTRAL DEL SERVICIO NACIONAL DE SALUD,7,INSTITUTO NACIONAL DEL CANCER ROSA EMILIA SANCHEZ PEREZ DE TAVAREZ
5180,DIRECCION CENTRAL DEL SERVICIO NACIONAL DE SALUD,1,DIRECCION CENTRAL DEL SERVICIO NACIONAL DE SALUD,8,"HOSPITAL PEDIATRICO DR. HUGO MENDOZA, CIUDAD DE LA SALUD"
5180,DIRECCION CENTRAL DEL SERVICIO NACIONAL DE SALUD,1,DIRECCION CENTRAL DEL SERVICIO NACIONAL DE SALUD,9,"HOSPITAL MATERNO DR. REYNALDO ALMANZAR, CIUDAD DE LA SALUD"
5180,DIRECCION CENTRAL DEL SERVICIO NACIONAL DE SALUD,1,DIRECCION CENTRAL DEL SERVICIO NACIONAL DE SALUD,10,CENTRO CARDIO-NEURO OFTALMOLÓGICO Y DE TRASPLANTE (CECANOT)
5180,DIRECCION CENTRAL DEL SERVICIO NACIONAL DE SALUD,1,DIRECCION CENTRAL DEL SERVICIO NACIONAL DE SALUD,11,CENTRO DE EDUCACIÓN MÉDICA DE AMISTAD DOMINICO-JAPONÉS (CEMADOJA)
5180,DIRECCION CENTRAL DEL SERVICIO NACIONAL DE SALUD,1,DIRECCION CENTRAL DEL SERVICIO NACIONAL DE SALUD,12,HOSPITAL GENERAL Y DE ESPECIALIDADES NUESTRA SRA. DE LA ALTAGRACIA
5180,DIRECCION CENTRAL DEL SERVICIO NACIONAL DE SALUD,1,DIRECCION CENTRAL DEL SERVICIO NACIONAL DE SALUD,13,CIUDAD SANITARIA LUIS EDUARDO AYBAR
5180,DIRECCION CENTRAL DEL SERVICIO NACIONAL DE SALUD,1,DIRECCION CENTRAL DEL SERVICIO NACIONAL DE SALUD,14,HOSPITAL MATERNO-INFANTIL SAN LORENZO DE LOS MINA
5180,DIRECCION CENTRAL DEL SERVICIO NACIONAL DE SALUD,1,DIRECCION CENTRAL DEL SERVICIO NACIONAL DE SALUD,15,HOSPITAL UNIVERSITARIO MATERNIDAD NUESTRA SEÑORA DE LA ALTAGRACIA
5180,DIRECCION CENTRAL DEL SERVICIO NACIONAL DE SALUD,1,DIRECCION CENTRAL DEL SERVICIO NACIONAL DE SALUD,16,DIRECCIÓN DE SERVICIOS DE ATENCIÓN A EMERGENCIAS EXTRAHOSPITALARIAS
5180,DIRECCION CENTRAL DEL SERVICIO NACIONAL DE SALUD,1,DIRECCION CENTRAL DEL SERVICIO NACIONAL DE SALUD,17,HOSPITAL GENERAL DE ESPECIALIDADES DOCTOR MARIO TOLENTINO DIPP
5181,INSTITUTO GEOGRÁFICO NACIONAL JOSÉ JOAQUÍN HUNGRÍA MORELL,1,INSTITUTO GEOGRÁFICO NACIONAL JOSÉ JOAQUÍN HUNGRÍA MORELL,1,INSTITUTO GEOGRÁFICO NACIONAL JOSÉ JOAQUÍN HUNGRÍA MORELL
5182,INSTITUTO NACIONAL DE TRÁNSITO Y TRANSPORTE TERRESTRE,1,INSTITUTO NACIONAL DE TRÁNSITO Y TRANSPORTE TERRESTRE,1,INSTITUTO NACIONAL DE TRÁNSITO Y TRANSPORTE TERRESTRE
5183,UNIDAD DE ANÁLISIS FINANCIERO (UAF),1,UNIDAD DE ANÁLISIS FINANCIERO (UAF),1,UNIDAD DE ANÁLISIS FINANCIERO (UAF)
5184,DIRECCIÓN GENERAL DE ALIANZAS PÚBLICO-PRIVADAS,1,DIRECCIÓN GENERAL DE ALIANZAS PÚBLICO-PRIVADAS,1,DIRECCIÓN GENERAL DE ALIANZAS PÚBLICO-PRIVADAS
5186,"INSTITUTO PARA EL FOMENTO, ACCESO Y GARANTIA PARA MI CASA (INFAMICASA)",1,"INSTITUTO PARA EL FOMENTO, ACCESO Y GARANTIA PARA MI CASA (INFAMICASA)",1,"INSTITUTO PARA EL FOMENTO, ACCESO Y  GARANTÍA PARA MI CASA (INFAMICASA)"
5187,DIRECCIÓN GENERAL DE RIESGOS AGROPECUARIOS,1,DIRECCIÓN GENERAL DE RIESGOS AGROPECUARIOS,1,DIRECCIÓN GENERAL DE RIESGOS AGROPECUARIOS
5188,INSTITUTO NACIONAL DE ATENCIÓN INTEGRAL A LA PRIMERA INFANCIA (INAIPI),1,INSTITUTO NACIONAL DE ATENCIÓN INTEGRAL A LA PRIMERA INFANCIA (INAIPI),1,INSTITUTO NACIONAL DE ATENCIÓN INTEGRAL A LA PRIMERA INFANCIA (INAIPI)
5189,DIRECCION GENERAL DE MECENAZGO (DGM),1,DIRECCION GENERAL DE MECENAZGO (DGM),1,DIRECCION GENERAL DE MECENAZGO (DGM)
5190,INSTITUTO NACIONAL DE COORDINACIÓN DE TRASPLANTE (INCORT),1,INSTITUTO NACIONAL DE COORDINACIÓN DE TRASPLANTE (INCORT),1,INSTITUTO NACIONAL DE COORDINACIÓN DE TRASPLANTE (INCORT)
5191,"INSTITUTO NACIONAL DE CUSTODIA Y ADMINISTRACION DE BIENES INCAUTADOS, DECOMISADOS Y EN EXTINCION DE DOMINIO (INCABIDE)",1,"INSTITUTO NACIONAL DE CUSTODIA Y ADMINISTRACION DE BIENES INCAUTADOS, DECOMISADOS Y EN EXTINCION DE DOMINIO (INCABIDE)",1,"INSTITUTO NACIONAL DE CUSTODIA Y ADMINISTRACION DE BIENES INCAUTADOS, DECOMISADOS Y EN EXTINCION DE DOMINIO (INCABIDE)"
5193,INSTITUTO DOMINICANO DE METEOROLOGÍA (INDOMET),1,INSTITUTO DOMINICANO DE METEOROLOGÍA (INDOMET),1,INSTITUTO DOMINICANO DE METEOROLOGÍA (INDOMET)
5202,INSTITUTO DE AUXILIOS,1,INSTITUTO DE AUXILIOS,1,INSTITUTO DE AUXILIOS
5205,SUPERINTENDENCIA DE PENSIONES,1,SUPERINTENDENCIA DE PENSIONES,1,SUPERINTENDENCIA DE PENSIONES
5206,SUPERINTENDENCIA DE SALUD Y RIESGO LABORAL,1,SUPERINTENDENCIA DE SALUD Y RIESGO LABORAL,1,SUPERINTENDENCIA DE SALUD Y RIESGO LABORAL
5207,CONSEJO NACIONAL DE SEGURIDAD SOCIAL,1,CONSEJO NACIONAL DE LA SEGURIDAD SOCIAL -CNSS-,1,CONSEJO NACIONAL DE LA SEGURIDAD SOCIAL -CNSS-
5208,SEGURO NACIONAL DE SALUD,1,SEGURO NACIONAL DE SALUD,1,SEGURO NACIONAL DE SALUD
5209,DIRECCIÓN GENERAL DE INFORMACIÓN Y DEFENSA DE LOS AFILIADOS,1,DIRECCIÓN GENERAL DE INFORMACIÓN Y DEFENSA DE LOS AFILIADOS,1,DIRECCIÓN GENERAL DE INFORMACIÓN Y DEFENSA DE LOS AFILIADOS
5210,INSTITUTO DOMINICANO DE PREVENCIÓN Y PROTECCIÓN DE RIESGOS LABORALES,1,INSTITUTO DOMINICANO DE PREVENCIÓN Y PROTECCIÓN DE RIESGOS LABORALES,1,INSTITUTO DOMINICANO DE PREVENCIÓN Y PROTECCIÓN DE RIESGOS LABORALES
5211,TESORERÍA DE LA SEGURIDAD SOCIAL,1,TESORERÍA DE LA SEGURIDAD SOCIAL,1,TESORERÍA DE LA SEGURIDAD SOCIAL
101,CONGRESO NACIONAL,1,CAMARA DE SENADORES,1, SENADO DE LA REPUBLICA
102,CAMARA DE DIPUTADOS,1,CAMARA DE DIPUTADOS,1,CAMARA DE DIPUTADOS
201,PRESIDENCIA DE LA REPÚBLICA,1,PRESIDENCIA DE LA REPUBLICA,1,SECRETARIA ADMINISTRATIVA
201,PRESIDENCIA DE LA REPÚBLICA,1,PRESIDENCIA DE LA REPUBLICA,5,GOBERNACION DEL EDIFICIO GUBERNAMENTAL JUAN PABLO DUARTE
201,PRESIDENCIA DE LA REPÚBLICA,1,PRESIDENCIA DE LA REPUBLICA,9,COMISION PRESIDENCIAL DE DESARROLLO PROVINCIAL
201,PRESIDENCIA DE LA REPÚBLICA,1,PRESIDENCIA DE LA REPUBLICA,10,CONSEJO NAC. PARA EL CAMBIO CLIMATICO Y MEC. DES. LIMPIO
201,PRESIDENCIA DE LA REPÚBLICA,1,PRESIDENCIA DE LA REPUBLICA,12,CONSEJO NACIONAL DE DROGAS
201,PRESIDENCIA DE LA REPÚBLICA,1,PRESIDENCIA DE LA REPUBLICA,14,OFICINA DE CUSTODIA Y ADM. DE LOS BIENES INCAUTADOS Y DECOMISADOS
201,PRESIDENCIA DE LA REPÚBLICA,1,PRESIDENCIA DE LA REPUBLICA,18,COMISION PERMANENTE DE EFEMERIDES PATRIA
201,PRESIDENCIA DE LA REPÚBLICA,1,PRESIDENCIA DE LA REPUBLICA,24,AUTORIDAD NACIONAL DE ASUNTOS MARITIMOS (ANAMAR)
201,PRESIDENCIA DE LA REPÚBLICA,1,PRESIDENCIA DE LA REPUBLICA,29,VICE PRESIDENCIA DE LA REPUBLICA
201,PRESIDENCIA DE LA REPÚBLICA,1,PRESIDENCIA DE LA REPUBLICA,31,DIRECCION DE PRENSA DEL PRESIDENTE
201,PRESIDENCIA DE LA REPÚBLICA,1,PRESIDENCIA DE LA REPUBLICA,32,DIRECCION DE ESTRATEGIA Y COMUNICACION GUBERNAMENTAL
201,PRESIDENCIA DE LA REPÚBLICA,1,PRESIDENCIA DE LA REPUBLICA,33,ECO5RD
201,PRESIDENCIA DE LA REPÚBLICA,1,PRESIDENCIA DE LA REPUBLICA,34,DIRECCIÓN NACIONAL DE CONTROL DE DROGAS (DNCD)
201,PRESIDENCIA DE LA REPÚBLICA,2,GABINETE DE LA POLITICA SOCIAL,1,GABINETE SOCIAL DE LA PRESIDENCIA
201,PRESIDENCIA DE LA REPÚBLICA,2,GABINETE DE LA POLITICA SOCIAL,3,PLAN SOCIAL DE LA PRESIDENCIA
201,PRESIDENCIA DE LA REPÚBLICA,2,GABINETE DE LA POLITICA SOCIAL,4,COMISION PRESIDENCIAL DE DESARROLLO BARRIAL
201,PRESIDENCIA DE LA REPÚBLICA,2,GABINETE DE LA POLITICA SOCIAL,7,PROGRAMA SOLIDARIDAD
201,PRESIDENCIA DE LA REPÚBLICA,2,GABINETE DE LA POLITICA SOCIAL,8,ADMINISTRACION FINANCIERA DE LOS SUBSIDIOS SOCIALES (ADSS)
201,PRESIDENCIA DE LA REPÚBLICA,2,GABINETE DE LA POLITICA SOCIAL,10,OFICINA EJECUTORA DEL CONSEJO NACIONAL DE PERSONAS ENVEJECIENTES
201,PRESIDENCIA DE LA REPÚBLICA,2,GABINETE DE LA POLITICA SOCIAL,14,COMEDORES ECONOMICOS
201,PRESIDENCIA DE LA REPÚBLICA,2,GABINETE DE LA POLITICA SOCIAL,15,DIRECCION GENERAL DE DESARROLLO DE LA COMUNIDAD
201,PRESIDENCIA DE LA REPÚBLICA,2,GABINETE DE LA POLITICA SOCIAL,16,DIRECCION GENERAL DE DESARROLLO FRONTERIZO
201,PRESIDENCIA DE LA REPÚBLICA,6,MINISTERIO DE LA PRESIDENCIA,5,DESARROLLO TERRITORIAL Y DE COMUNIDADES
201,PRESIDENCIA DE LA REPÚBLICA,6,MINISTERIO DE LA PRESIDENCIA,9,DIRECCIÓN GENERAL DE PROGRAMAS ESPECIALES DE LA PRESIDENCIA
202,SEC. DE ESTADO DE INT. Y POL.,1,SECRETARIA DE ESTADO DE INTERIOR Y POLICIA,1,SECRETARIA DE ESTADO DE INTERIOR Y POLICIA
202,SEC. DE ESTADO DE INT. Y POL.,1,SECRETARIA DE ESTADO DE INTERIOR Y POLICIA,2,DIRECCIÓN GENERAL DE MIGRACIÓN
202,SEC. DE ESTADO DE INT. Y POL.,1,SECRETARIA DE ESTADO DE INTERIOR Y POLICIA,3,INSTITUTO NACIONAL DE MIGRACION
202,SEC. DE ESTADO DE INT. Y POL.,1,SECRETARIA DE ESTADO DE INTERIOR Y POLICIA,4,"CUERPO DE BOMBEROS DE SANTO DOMINGO, DISTRITO NACIONAL"
202,SEC. DE ESTADO DE INT. Y POL.,1,SECRETARIA DE ESTADO DE INTERIOR Y POLICIA,5,CUERPO DE BOMBEROS SANTO DOMINGO NORTE
202,SEC. DE ESTADO DE INT. Y POL.,1,SECRETARIA DE ESTADO DE INTERIOR Y POLICIA,6,CUERPO DE BOMBEROS SANTO DOMINGO ESTE
202,SEC. DE ESTADO DE INT. Y POL.,1,SECRETARIA DE ESTADO DE INTERIOR Y POLICIA,7,CUERPO DE BOMBEROS DE SANTO DOMINGO DE BOCA CHICA
202,SEC. DE ESTADO DE INT. Y POL.,1,SECRETARIA DE ESTADO DE INTERIOR Y POLICIA,8,CUERPO DE BOMBEROS DE SANTO DOMINGO DE LOS ALCARRIZOS
202,SEC. DE ESTADO DE INT. Y POL.,1,SECRETARIA DE ESTADO DE INTERIOR Y POLICIA,9,CUERPO DE BOMBEROS DE SANTO DOMINGO DE PEDRO BRAND
202,SEC. DE ESTADO DE INT. Y POL.,1,SECRETARIA DE ESTADO DE INTERIOR Y POLICIA,10,CUERPO DE BOMBEROS DE SANTO DOMINGO OESTE
202,SEC. DE ESTADO DE INT. Y POL.,2,POLICIA NACIONAL,1, POLICIA NACIONAL
202,SEC. DE ESTADO DE INT. Y POL.,2,POLICIA NACIONAL,2,"INSTITUTO ESPECIALIZADO DE CAPACITACION SUPERIOR, P. N."
202,SEC. DE ESTADO DE INT. Y POL.,2,POLICIA NACIONAL,4,SEGURIDAD TURISTICA
202,SEC. DE ESTADO DE INT. Y POL.,2,POLICIA NACIONAL,5,SERVICIOS DE TRANSITO METROPOLITANO
202,SEC. DE ESTADO DE INT. Y POL.,2,POLICIA NACIONAL,7,RESERVA DE LA POLICIA NACIONAL
202,SEC. DE ESTADO DE INT. Y POL.,2,POLICIA NACIONAL,8,HOSPITAL CENTRAL DE LA POLICIA NACIONAL
202,SEC. DE ESTADO DE INT. Y POL.,2,POLICIA NACIONAL,9,JUNTA DE RETIRO DE LA P.N
203,SEC. DE ESTADO DE LAS FF AA,1,SEC. DE ESTADO DE LAS FF AA,1,SECRETARIA DE ESTADO DE LAS FUERZAS ARMADAS
203,SEC. DE ESTADO DE LAS FF AA,1,SEC. DE ESTADO DE LAS FF AA,2,DIRECCION GENERAL DE ESCUELAS VOCACIONALES
203,SEC. DE ESTADO DE LAS FF AA,1,SEC. DE ESTADO DE LAS FF AA,3,FOMENTO Y PRODUCCION CUNARIA
203,SEC. DE ESTADO DE LAS FF AA,1,SEC. DE ESTADO DE LAS FF AA,4, INSTITUTO DE SEGURIDAD SOCIAL DE LAS FF. AA.
203,SEC. DE ESTADO DE LAS FF AA,1,SEC. DE ESTADO DE LAS FF AA,5,HOSPITAL CENTRAL DE LAS FUERZAS  ARMADAS
203,SEC. DE ESTADO DE LAS FF AA,1,SEC. DE ESTADO DE LAS FF AA,6,INSTITUTO CARTOGRÁFICO MILITAR DE LAS FF. AA.
203,SEC. DE ESTADO DE LAS FF AA,1,SEC. DE ESTADO DE LAS FF AA,7,ESC DE GRAD.DE COM.Y ESTADO MAYOR CONJ.'GRAL DE DIV. GREGORIO LUPERON'
203,SEC. DE ESTADO DE LAS FF AA,1,SEC. DE ESTADO DE LAS FF AA,8,CÍRCULO DEPORTIVO DE LAS FUERZAS ARMADAS Y LA POLICIA NACIONAL
203,SEC. DE ESTADO DE LAS FF AA,1,SEC. DE ESTADO DE LAS FF AA,9,INSTITUTO MILITAR DE LOS DERECHOS HUMANOS
203,SEC. DE ESTADO DE LAS FF AA,1,SEC. DE ESTADO DE LAS FF AA,10,INSTITUTO DE ALTOS ESTUDIOS PARA LA DEFENSA Y SEGURIDAD NACIONAL
203,SEC. DE ESTADO DE LAS FF AA,1,SEC. DE ESTADO DE LAS FF AA,11,COMISION PERMANENTE PARA LA REFORMA Y MODERNIZACIÓN DE LAS  FF.AA Y P.N.
203,SEC. DE ESTADO DE LAS FF AA,1,SEC. DE ESTADO DE LAS FF AA,12,SEGURIDAD REGIÓN FRONTERIZA F. A (SESFRONT)
203,SEC. DE ESTADO DE LAS FF AA,1,SEC. DE ESTADO DE LAS FF AA,14, DIRECCION GENERAL DE LAS RESERVAS DE LAS FF. AA. Y P. N.
203,SEC. DE ESTADO DE LAS FF AA,1,SEC. DE ESTADO DE LAS FF AA,15,CUERPOS ESPECIALIZADOS DE SEGURIDAD PORTUARIA
203,SEC. DE ESTADO DE LAS FF AA,1,SEC. DE ESTADO DE LAS FF AA,17,SERVICIO MILITAR VOLUNTARIO
203,SEC. DE ESTADO DE LAS FF AA,1,SEC. DE ESTADO DE LAS FF AA,19,SERVICIOS DE SUPERVISION DE VIGILANCIA PRIVADA
203,SEC. DE ESTADO DE LAS FF AA,1,SEC. DE ESTADO DE LAS FF AA,20,CUERPO ESPECIALIZADO DE SEGURIDAD DEL METRO
203,SEC. DE ESTADO DE LAS FF AA,1,SEC. DE ESTADO DE LAS FF AA,26,Cuerpo Especializado de Seguridad Aeroportuaria y de Aviación Civil (CESAC)
203,SEC. DE ESTADO DE LAS FF AA,1,SEC. DE ESTADO DE LAS FF AA,27,DIRECCION GENERAL DEL PLAN SOCIAL DEL MINISTERIO DE DEFENSA
203,SEC. DE ESTADO DE LAS FF AA,1,SEC. DE ESTADO DE LAS FF AA,28,INSTITUTO ESPECIALIZADO DE ESTUDIOS SUPERIORES DE LAS FF.AA
203,SEC. DE ESTADO DE LAS FF AA,1,SEC. DE ESTADO DE LAS FF AA,30,SERVICIO NACIONAL DE PROTECCION AMBIENTAL
203,SEC. DE ESTADO DE LAS FF AA,1,SEC. DE ESTADO DE LAS FF AA,31,DIRECCIÓN GENERAL DE LA INDUSTRIA MILITAR DE LAS FUERZAS ARMADAS
203,SEC. DE ESTADO DE LAS FF AA,1,SEC. DE ESTADO DE LAS FF AA,32,CUERPO DE SEGURIDAD PRESIDENCIAL (CUSEP)
203,SEC. DE ESTADO DE LAS FF AA,2,EJERCITO NACIONAL,1,EJERCITO NACIONAL
203,SEC. DE ESTADO DE LAS FF AA,2,EJERCITO NACIONAL,2,FORMACION MILITAR (BATALLA DE LAS CARRERAS)
203,SEC. DE ESTADO DE LAS FF AA,2,EJERCITO NACIONAL,3,DIRECCIÓN GENERAL DE LA ESCUELA DE GRADUADOS DE ESTUDIOS SUPERIORES DEL ERD
203,SEC. DE ESTADO DE LAS FF AA,2,EJERCITO NACIONAL,4,PRIMER REGIMIENTO DE LA GUARDIA PRESIDENCIAL
203,SEC. DE ESTADO DE LAS FF AA,3,MARINA DE GUERRA,1,MARINA DE GUERRA
203,SEC. DE ESTADO DE LAS FF AA,3,MARINA DE GUERRA,2,DIRECCION GENERAL DE DRAGA
203,SEC. DE ESTADO DE LAS FF AA,3,MARINA DE GUERRA,3,SERVICIOS DE PESCA
203,SEC. DE ESTADO DE LAS FF AA,4,FUERZA AEREA DOMINICANA,1,FUERZA AEREA DOMINICANA
203,SEC. DE ESTADO DE LAS FF AA,4,FUERZA AEREA DOMINICANA,2,HOSPITAL RAMON DE LARA
203,SEC. DE ESTADO DE LAS FF AA,4,FUERZA AEREA DOMINICANA,3,FORMACION Y CAPACITACION TECNICO PROFESIONAL (IMESA)
204,SEC. DE ESTADO DE REL. EXT.,1,SEC. DE ESTADO DE RELACIONES EXTERIORES,1,SECRETARIA DE ESTADO DE RELACIONES EXTERIORES
204,SEC. DE ESTADO DE REL. EXT.,1,SEC. DE ESTADO DE RELACIONES EXTERIORES,2,DIRECCION GENERAL DE PASAPORTES
204,SEC. DE ESTADO DE REL. EXT.,1,SEC. DE ESTADO DE RELACIONES EXTERIORES,3,INSTITUTO DE EDUCACION SUPERIOR
204,SEC. DE ESTADO DE REL. EXT.,1,SEC. DE ESTADO DE RELACIONES EXTERIORES,4,CONSEJO NACIONAL DE FRONTERAS
204,SEC. DE ESTADO DE REL. EXT.,1,SEC. DE ESTADO DE RELACIONES EXTERIORES,5,COMISION NACIONAL DE NEGOCIACIONES  COMERCIALES (CNNC)
205,SECRETARIA  DE ESTADO DE HACIENDA,1,SEC. DE ESTADO DE HACIENDA,1,SECRETARIA DE ESTADO DE HACIENDA
205,SECRETARIA  DE ESTADO DE HACIENDA,1,SEC. DE ESTADO DE HACIENDA,2,DIRECCION NACIONAL DE CATASTRO
205,SECRETARIA  DE ESTADO DE HACIENDA,1,SEC. DE ESTADO DE HACIENDA,3,ADMINISTRACION GENERAL DE BIENES NACIONALES
205,SECRETARIA  DE ESTADO DE HACIENDA,1,SEC. DE ESTADO DE HACIENDA,4,DIRECCION GENERAL DE CONTRATACIONES PUBLICAS
205,SECRETARIA  DE ESTADO DE HACIENDA,1,SEC. DE ESTADO DE HACIENDA,5,DIRECCION GENERAL DE POLITICAS Y LEG. TRIB. ( EXONERACIONES)
205,SECRETARIA  DE ESTADO DE HACIENDA,1,SEC. DE ESTADO DE HACIENDA,6,CENTRO DE CAPACITACIÓN EN POLIT. Y GESTION FISCAL
205,SECRETARIA  DE ESTADO DE HACIENDA,1,SEC. DE ESTADO DE HACIENDA,8,TESORERIA NACIONAL
205,SECRETARIA  DE ESTADO DE HACIENDA,1,SEC. DE ESTADO DE HACIENDA,9,DIRECCIÓN GENERAL DE CONTABILIDAD GUBERNAMENTAL
205,SECRETARIA  DE ESTADO DE HACIENDA,1,SEC. DE ESTADO DE HACIENDA,10,DIRECCION GENERAL  DE PRESUPUESTO
205,SECRETARIA  DE ESTADO DE HACIENDA,1,SEC. DE ESTADO DE HACIENDA,11,DIRECCION GENERAL DE CREDITO PUBLICO
205,SECRETARIA  DE ESTADO DE HACIENDA,1,SEC. DE ESTADO DE HACIENDA,12,DIRECCION GENERAL DE PENSIONES Y JUBILACIONES
206,SEC. DE ESTADO DE EDUCACIÓN,1,SEC. DE ESTADO DE EDUCACION ,1,SECRETARIA DE ESTADO DE EDUCACION
206,SEC. DE ESTADO DE EDUCACIÓN,1,SEC. DE ESTADO DE EDUCACION ,2,OFICINA COORDINADORA DE PROYECTO INTERNACIONAL							 OFI
206,SEC. DE ESTADO DE EDUCACIÓN,1,SEC. DE ESTADO DE EDUCACION ,4,INSTITUTO NACIONAL DE EDUCACIÓN FISICA
206,SEC. DE ESTADO DE EDUCACIÓN,1,SEC. DE ESTADO DE EDUCACION ,5,INSTITUTO NACIONAL DE BIENESTAR MAGISTERIAL
206,SEC. DE ESTADO DE EDUCACIÓN,1,SEC. DE ESTADO DE EDUCACION ,6,INSTITUTO DOM. DE EVALUACIÓN E INVESTIGACIÓN DE LA CALIDAD EDUCATIVA
206,SEC. DE ESTADO DE EDUCACIÓN,1,SEC. DE ESTADO DE EDUCACION ,7,INSTITUTO NACIONAL DE FORMACION Y CAPACITACION MAGISTERIAL
206,SEC. DE ESTADO DE EDUCACIÓN,1,SEC. DE ESTADO DE EDUCACION ,8,INTITUTO SUPERIOR DE FORMACION DOCENTE  SALOME UREÑA
206,SEC. DE ESTADO DE EDUCACIÓN,1,SEC. DE ESTADO DE EDUCACION ,10,Instituto Nacional de Bienestar Estudiantil (INABIE)
206,SEC. DE ESTADO DE EDUCACIÓN,1,SEC. DE ESTADO DE EDUCACION ,11,CENTRO DE ATENCIÓN INTEGRAL PARA LA DISCAPACIDAD (CAID)
207,SEC. DE ESTADO DE SALUD PÚBLICA,1,SEC. DE ESTADO DE SALUD PUBLICA,1,SEC. DE ESTADO DE SALUD PÚBLICA
207,SEC. DE ESTADO DE SALUD PÚBLICA,1,SEC. DE ESTADO DE SALUD PUBLICA,7,CONSEJO PRESIDENCIAL DEL SIDA (COPRESIDA)
207,SEC. DE ESTADO DE SALUD PÚBLICA,1,SEC. DE ESTADO DE SALUD PUBLICA,17,PROGRAMA DE MEDICAMENTOS ESENCIALES
207,SEC. DE ESTADO DE SALUD PÚBLICA,1,SEC. DE ESTADO DE SALUD PUBLICA,31,CENTRO DE ATENCION INTEGRAL PARA LA DISCAPACIDAD (CAID)
207,SEC. DE ESTADO DE SALUD PÚBLICA,1,SEC. DE ESTADO DE SALUD PUBLICA,32,"DIRECCIÓN GENERAL DE MEDICAMENTOS, ALIMENTOS Y PRODUCTOS SANITARIOS (DIGEMAPS)"
208,"SEC. DE E. DE DEP., EDUC. FÍS. Y REC.",1,"SEC. DE ESTADO DE DEPORTES, EDUCACION FISICA Y RECREACION",1,"SECRETARIA DE ESTADO DE DEPORTES, EDUCACION FISICA Y RECREACION"
208,"SEC. DE E. DE DEP., EDUC. FÍS. Y REC.",1,"SEC. DE ESTADO DE DEPORTES, EDUCACION FISICA Y RECREACION",2,COMISIÓN HÍPICA NACIONAL
208,"SEC. DE E. DE DEP., EDUC. FÍS. Y REC.",1,"SEC. DE ESTADO DE DEPORTES, EDUCACION FISICA Y RECREACION",3,DIRECCION DEL COMISIONADO NACIONAL DE BEISBOL
209,SEC. DE ESTADO DE TRABAJO,1,SEC. DE ESTADO DE TRABAJO,1,SECRETARIA DE ESTADO DE TRABAJO
210,SEC. DE ESTADO DE AGRICULTURA,1,SEC. DE ESTADO DE AGRICULTURA,1,SECRETARIA DE ESTADO DE AGRICULTURA
210,SEC. DE ESTADO DE AGRICULTURA,1,SEC. DE ESTADO DE AGRICULTURA,2,DIRECCION GENERAL DE GANADERIA
210,SEC. DE ESTADO DE AGRICULTURA,1,SEC. DE ESTADO DE AGRICULTURA,3,OFICINA DE TRATADOS COMERCIALES AGRICOLAS
210,SEC. DE ESTADO DE AGRICULTURA,1,SEC. DE ESTADO DE AGRICULTURA,5,DIRECCION EJECUTIVA DE LA COMISION DE FOMENTO A LA TECNIFICACION DEL SISTEMA NACIONAL DE RIEGO
210,SEC. DE ESTADO DE AGRICULTURA,1,SEC. DE ESTADO DE AGRICULTURA,6,CONSEJO NACIONAL DE PRODUCCIÓN PECUARIA (CONAPROPE)
210,SEC. DE ESTADO DE AGRICULTURA,1,SEC. DE ESTADO DE AGRICULTURA,7,CONSEJO NACIONAL PARA LA REGLAMENTACIÓN Y FOMENTO DE LA INDUSTRIA LECHERA
211,SECRETARIA DE ESTADO DE OBRAS PUBLICAS Y COMUNICACIONES,1,SEC. DE ESTADO DE OBRAS PUBLICAS Y COMUNICACIONES,1,SECRETARIA DE ESTADO DE OBRAS PUBLICAS Y COMUNICACIONES
211,SECRETARIA DE ESTADO DE OBRAS PUBLICAS Y COMUNICACIONES,1,SEC. DE ESTADO DE OBRAS PUBLICAS Y COMUNICACIONES,2,DIR. GRAL. EMBELLECIMIENTO AVE. Y CARRET. Y CRUZADA CIVICA
211,SECRETARIA DE ESTADO DE OBRAS PUBLICAS Y COMUNICACIONES,1,SEC. DE ESTADO DE OBRAS PUBLICAS Y COMUNICACIONES,3,OFICINA PARA EL REORDENAMIENTO DEL TRANSPORTE
211,SECRETARIA DE ESTADO DE OBRAS PUBLICAS Y COMUNICACIONES,1,SEC. DE ESTADO DE OBRAS PUBLICAS Y COMUNICACIONES,6,OFICINA NAC. DE EVALUACIÓN SÍSMICA Y VULNERABILIDAD DE INFRAESTRUCTURA
211,SECRETARIA DE ESTADO DE OBRAS PUBLICAS Y COMUNICACIONES,1,SEC. DE ESTADO DE OBRAS PUBLICAS Y COMUNICACIONES,9,SERVICIO METEOROLÓGICO NACIONAL
211,SECRETARIA DE ESTADO DE OBRAS PUBLICAS Y COMUNICACIONES,1,SEC. DE ESTADO DE OBRAS PUBLICAS Y COMUNICACIONES,10,COMISION PRESIDENCIAL PARA LA MODERNIZACION Y SEGURIDAD PORTUARIAS
211,SECRETARIA DE ESTADO DE OBRAS PUBLICAS Y COMUNICACIONES,1,SEC. DE ESTADO DE OBRAS PUBLICAS Y COMUNICACIONES,11,JUNTA DE AVIACIÓN CIVIL
212,SEC. DE ESTADO DE IND. Y COM.,1,SEC. DE ESTADO DE INDUSTRIA Y COMERCIO ,1,SECRETARIA DE ESTADO DE INDUSTRIA Y COMERCIO
212,SEC. DE ESTADO DE IND. Y COM.,1,SEC. DE ESTADO DE INDUSTRIA Y COMERCIO ,7,INDUSTRIA NACIONAL DE LA AGUJA
212,SEC. DE ESTADO DE IND. Y COM.,1,SEC. DE ESTADO DE INDUSTRIA Y COMERCIO ,8,OFICINA NACIONAL DE DERECHO DE AUTOR
212,SEC. DE ESTADO DE IND. Y COM.,1,SEC. DE ESTADO DE INDUSTRIA Y COMERCIO ,9,DIRECCION DE FOMENTO Y DESARROLLO DE LA ARTESANIA NACIONAL (FODEARTE)
212,SEC. DE ESTADO DE IND. Y COM.,1,SEC. DE ESTADO DE INDUSTRIA Y COMERCIO ,10,CONSEJO DE COORDINACIÓN DE LA ZONA ESPECIAL DE DESARROLLO FRONTERIZO (CCDF)
213,SEC. DE ESTADO DE TURISMO,1,SEC. DE ESTADO DE TURISMO,1,SECRETARIA DE ESTADO DE TURISMO
213,SEC. DE ESTADO DE TURISMO,1,SEC. DE ESTADO DE TURISMO,2,COMITE EJECUTOR DE INFRAESTRUCTURA DE ZONAS TURISTICAS (CEIZTUR)
214,PROCURADURÍA GENERAL DE LA REPUBLICA,1,PROCURADURIA GENERAL DE LA REPUBLICA,1,PROCURADURIA GENERAL DE LA REPUBLICA DOMINICANA
215,SEC. DE ESTADO DE LA MUJER,1,SEC. DE ESTADO DE MUJER,1,SEC. DE ESTADO DE MUJER
216,SEC. DE ESTADO DE CULTURA,1,SEC. DE ESTADO DE CULTURA,1,SECRETARIA DE ESTADO DE CULTURA
216,SEC. DE ESTADO DE CULTURA,1,SEC. DE ESTADO DE CULTURA,2,ORQUESTA SINFÓNICA NACIONAL
216,SEC. DE ESTADO DE CULTURA,1,SEC. DE ESTADO DE CULTURA,3,BIBLIOTECA NACIONAL PEDRO HENRÍQUEZ UREÑA
216,SEC. DE ESTADO DE CULTURA,1,SEC. DE ESTADO DE CULTURA,5,DIRECCIÓN GENERAL DE BELLAS ARTES
216,SEC. DE ESTADO DE CULTURA,1,SEC. DE ESTADO DE CULTURA,6,DIRECCIÓN GENERAL DE MUSEOS
217,SEC. DE ESTADO DE LA JUVENTUD,1,SEC. DE ESTADO DE LA JUVENTUD,1,SECRETARIA DE ESTADO DE LA JUVENTUD
218,SEC. DE ESTADO  DE MEDIO AMBIENTE. Y REC. NAT.,1,SEC. DE ESTADO DE MEDIO AMBIENTE,1,SEC. DE ESTADO  DE MEDIO AMBIENTE. Y REC. NAT.
218,SEC. DE ESTADO  DE MEDIO AMBIENTE. Y REC. NAT.,1,SEC. DE ESTADO DE MEDIO AMBIENTE,7,UNIDAD TÉCNICA EJECUTORA DE PROYECTOS DE DESARROLLO AGROFORESTAL
219,"SEC. DE ESTADO  DE EDUCACION SUP.,  C. Y  TEC.",1,SEC. DE ESTADO DE EDUCACION SUPERIOR CIENCIA Y TECNOLOGIA,1,"SECRETARIA DE ESTADO DE EDUCACION SUPERIOR, CIENCIA Y TECNOLOGIA"
219,"SEC. DE ESTADO  DE EDUCACION SUP.,  C. Y  TEC.",1,SEC. DE ESTADO DE EDUCACION SUPERIOR CIENCIA Y TECNOLOGIA,2,INSTITUTO TECNOLÓGICO DE LAS AMÉRICAS
219,"SEC. DE ESTADO  DE EDUCACION SUP.,  C. Y  TEC.",1,SEC. DE ESTADO DE EDUCACION SUPERIOR CIENCIA Y TECNOLOGIA,3,INSTITUTO TECNOLÓGICO SUPERIOR COMUNITARIO
219,"SEC. DE ESTADO  DE EDUCACION SUP.,  C. Y  TEC.",1,SEC. DE ESTADO DE EDUCACION SUPERIOR CIENCIA Y TECNOLOGIA,4,COMISION INTERNACIONAL ASESORA CIENCIA Y TECNOLOGIA
220,"MINISTERIO DE ECONOMIA, PLANIFICACION Y DESARROLLO",1,"MINISTERIO DE ECONOMIA, PLANIFICACION Y DESARROLLO",1,"MINISTERIO DE ECONOMIA, PLANIFICACION Y DESARROLLO"
220,"MINISTERIO DE ECONOMIA, PLANIFICACION Y DESARROLLO",1,"MINISTERIO DE ECONOMIA, PLANIFICACION Y DESARROLLO",5,DIRECCION GENERAL DE COOPERACION MULTILATERAL
220,"MINISTERIO DE ECONOMIA, PLANIFICACION Y DESARROLLO",1,"MINISTERIO DE ECONOMIA, PLANIFICACION Y DESARROLLO",9,"CAPACITACION, ANALISIS Y ESTUDIOS ESTADISTICOS"
220,"MINISTERIO DE ECONOMIA, PLANIFICACION Y DESARROLLO",1,"MINISTERIO DE ECONOMIA, PLANIFICACION Y DESARROLLO",17,GOBERNACION DEL EDIFICIO DE OFICINAS GUBERNAMENTALES
220,"MINISTERIO DE ECONOMIA, PLANIFICACION Y DESARROLLO",1,"MINISTERIO DE ECONOMIA, PLANIFICACION Y DESARROLLO",18,SISTEMA ÚNICO DE BENEFICIARIOS
221,SECRETARIA DE ESTADO DE ADMINISTRACION PUBLICA (SEAP),1,SECRETARIA DE ESTADO DE ADMINISTRACION PUBLICA,1,SECRETARIA DE ESTADO DE ADMINISTRACION PUBLICA (SEAP)
221,SECRETARIA DE ESTADO DE ADMINISTRACION PUBLICA (SEAP),1,SECRETARIA DE ESTADO DE ADMINISTRACION PUBLICA,2,INSTITUTO NACIONAL DE ADMINISTRACION PUBLICA
221,SECRETARIA DE ESTADO DE ADMINISTRACION PUBLICA (SEAP),1,SECRETARIA DE ESTADO DE ADMINISTRACION PUBLICA,3,OFICINA GUBERNAMENTAL DE TECNOLOGIA DE LA INFORMACION Y LA COMUNICACION (OGTIC)
301,PODER JUDICIAL,1,PODER JUDICIAL,1,SUPREMA CORTE DE JUSTICIA
405,TRIBUNAL SUPERIOR  ELECTORAL ( TSE),1,TRIBUNAL SUPERIOR  ELECTORAL ( TSE),1,TRIBUNAL SUPERIOR  ELECTORAL ( TSE)
998,ADMINISTRACION DE  DEUDA PUBLICA Y ACTIVOS FINANCIEROS,1,DEUDA PUBLICA Y OTRAS OPERACIONES FINANCIERAS,1,SECRETARIA DE ESTADO DE HACIENDA (DEUDA PUBLICA)
999,ADMINISTACION DE OBLIGACIONES DEL TESORO NACIONAL,1,ADM. DE OBLIGACIONES DEL TESORO,1,MINISTERIO DE HACIENDA (OBLIGACIONES DEL TESORO)
5104,COMISIÓN ADMINISTRATIVA AEROPORTUARIA,1,COMISION ADMINISTRATIVA AEROPORTUARIA,1,COMISION ADMINISTRATIVA AEROPORTUARIA
5136,CONSEJO DOMINICANO DEL CAFÉ,1,CONSEJO DOMINICANO DEL CAFÉ,1,CONSEJO DOMINICANO DEL CAFÉ
5140,INSTITUTO NACIONAL DEL TABACO,1,INSTITUTO NACIONAL DEL TABACO,1,INSTITUTO NACIONAL DEL TABACO
5150,CONSEJO NACIONAL DE ZONAS FRANCAS,1,Consejo Nacional de Zonas Francas,1,Consejo Nacional de Zonas Francas
5155,INSTITUTO DE FORMACION TECNICO PROFESIONAL  (INFOTEP ),1,INSTITUTO NACIONAL DE FORMACION TECNICO PROFESIONAL - INFOTEP,1,INSTITUTO NACIONAL DE FORMACION TECNICO PROFESIONAL - INFOTEP
5168,ARCHIVO GENERAL DE LA NACION,1,ARCHIVO GENERAL DE LA NACION,1,ARCHIVO GENERAL DE LA NACION
5169,DIRECCION GENERAL DE CINE (DGCINE),1,DIRECCION GENERAL DE CINE (DGCINE),1,DIRECCION GENERAL DE CINE (DGCINE)
5174,Mercados Dominicanos de Abasto Agropecuario,1,Mercados Dominicanos de Abasto Agropecuario,1,Mercados Dominicanos de Abasto Agropecuario
5190,INSTITUTO NACIONAL DE COORDINACIÓN DE TRANSPLANTE (INCORT),1,INSTITUTO NACIONAL DE COORDINACIÓN DE TRANSPLANTE (INCORT),1,INSTITUTO NACIONAL DE COORDINACIÓN DE TRANSPLANTE (INCORT)
5202,INSTITUTO DE AUXILIOS Y VIVIENDAS,1,INSTITUTO DE AUXILIOS Y VIVIENDAS,1,INSTITUTO DE AUXILIOS Y VIVIENDAS
205,SECRETARIA  DE ESTADO DE HACIENDA,1,SEC. DE ESTADO DE HACIENDA,7,PROGRAMA DE ADMINISTRACION FINANCIERA INTEGRADA
211,SECRETARIA DE ESTADO DE OBRAS PUBLICAS Y COMUNICACIONES,1,SEC. DE ESTADO DE OBRAS PUBLICAS Y COMUNICACIONES,4,OFICINA METROPOLITANA DE SERVICIOS DE AUTOBUSES
5108,CRUZ ROJA DOMINICANA,1,CRUZ ROJA DOMINICANA,1,CRUZ ROJA DOMINICANA
5114,INSTITUTO PARA EL DESARROLLO DEL NOROESTE,1,INSTITUTO PARA EL DESARROLLO DEL NOROESTE -INDENOR-,1,INSTITUTO PARA EL DESARROLLO DEL NOROESTE -INDENOR-
201,PRESIDENCIA DE LA REPÚBLICA,2,GABINETE DE LA POLITICA SOCIAL,2,COMUNIDAD DIGNA
201,PRESIDENCIA DE LA REPÚBLICA,2,GABINETE DE LA POLITICA SOCIAL,9,SISTEMA UNICO DE BENEFICIARIO (SIUBEN)
206,SEC. DE ESTADO DE EDUCACIÓN,1,SEC. DE ESTADO DE EDUCACION ,9,INSTITUTO NACIONAL DE ATENCIÓN INTEGRAL A PRIMERA INFANCIA (INAIPI)
5167,OFICINA NACIONAL DE DEFENSA PUBLICA,1,OFICINA NACIONAL DE DEFENSA PUBLICA,1,OFICINA NACIONAL DE DEFENSA PUBLICA
201,PRESIDENCIA DE LA REPÚBLICA,1,PRESIDENCIA DE LA REPUBLICA,7,GABINETE DE LA POLITICA MEDIO-AMBIENTAL
201,PRESIDENCIA DE LA REPÚBLICA,1,PRESIDENCIA DE LA REPUBLICA,11,DIRECCION GENERAL DE COMUNICACION (DICOM)
201,PRESIDENCIA DE LA REPÚBLICA,2,GABINETE DE LA POLITICA SOCIAL,11,FONDO DE PROMOCION DE INICIATIVAS COMUNITARIAS
201,PRESIDENCIA DE LA REPÚBLICA,5,OFICINA SUPERVISORA DE OBRAS DEL ESTADO ,1,OFICINA SUPERVISORA DE OBRAS DEL ESTADO
201,PRESIDENCIA DE LA REPÚBLICA,6,MINISTERIO DE LA PRESIDENCIA,2,DIRECCION GENERAL  DE COMUNICACION
201,PRESIDENCIA DE LA REPÚBLICA,6,MINISTERIO DE LA PRESIDENCIA,3,DIRECCION DE LA INFORMACION ANALISIS Y PROGRAMACION ESTRATEGICA
201,PRESIDENCIA DE LA REPÚBLICA,6,MINISTERIO DE LA PRESIDENCIA,7,OFICINA PRESIDENCIAL DE TECNOLOGIA DE LA INFORMACION Y COMUNICACION
207,SEC. DE ESTADO DE SALUD PÚBLICA,1,SEC. DE ESTADO DE SALUD PUBLICA,2,SUBSECRETARIA DE PLANIFICACION Y DESARROLLO
207,SEC. DE ESTADO DE SALUD PÚBLICA,1,SEC. DE ESTADO DE SALUD PUBLICA,3,VICEMINISTERIO DE LA GARANTIA DE LA CALIDAD DE LA ATENCION
207,SEC. DE ESTADO DE SALUD PÚBLICA,1,SEC. DE ESTADO DE SALUD PUBLICA,4,OFICINA DE SALUD COLECTIVA
207,SEC. DE ESTADO DE SALUD PÚBLICA,1,SEC. DE ESTADO DE SALUD PUBLICA,29,COMISION PRESIDENCIAL DE POLITICA FARMACEUTICA NACIONAL
207,SEC. DE ESTADO DE SALUD PÚBLICA,1,SEC. DE ESTADO DE SALUD PUBLICA,30,PROGRAMA AMPLIADO DE INMUNIZACIÓN (PAI)
222,MINISTERIO DE ENERGIA Y MINAS,1,MINISTERIO DE ENERGIA Y MINAS,4,REMEDIACION AMBIENTAL MINA PUEBLO VIEJO
5164,CONSEJO NAC. PARA LAS COMUNIDADES DOMINICANAS EN EL EXTERIOR (CONDEX),1,CONSEJO NAC. PARA LAS COMUNIDADES DOMINICANAS EN EL EXTERIOR (CONDEX),1,CONSEJO NAC. PARA LAS COMUNIDADES DOMINICANAS EN EL EXTERIOR (CONDEX)
201,PRESIDENCIA DE LA REPÚBLICA,1,PRESIDENCIA DE LA REPUBLICA,27,DESARROLLO TERRITORIAL Y DE COMUNIDADES
201,PRESIDENCIA DE LA REPÚBLICA,1,PRESIDENCIA DE LA REPUBLICA,28,UNIDAD TECNICA EJECUTORA DE PROYECTO DE DESARROLLO AGROFORESTAL
220,"MINISTERIO DE ECONOMIA, PLANIFICACION Y DESARROLLO",1,"MINISTERIO DE ECONOMIA, PLANIFICACION Y DESARROLLO",7,DIRECCION GENERAL DE ORDENAMIENTO Y DESARROLLO TERRITORIAL
5152,CONSEJO NACIONAL DE ESTANCIAS INFANTILES,1,CONSEJO NACIONAL DE ESTANCIAS INFANTILES,1,CONSEJO NACIONAL DE ESTANCIAS INFANTILES
5201,INSTITUTO DOMINICANO DE SEGUROS SOCIALES,1,INSTITUTO DOMINICANO DE SEGUROS SOCIALES,1,INSTITUTO DOMINICANO DE SEGUROS SOCIALES
5201,INSTITUTO DOMINICANO DE SEGUROS SOCIALES,1,INSTITUTO DOMINICANO DE SEGUROS SOCIALES,2,Administradora de Estancias Infantiles Salud Segura (AEI-SS)
5207,CONSEJO NACIONAL DE SEGURIDAD SOCIAL,1,CONSEJO NACIONAL DE LA SEGURIDAD SOCIAL -CNSS-,2,DIRECCION DE INFORMACION Y DEFENSA DE LOS AFILIADOS -DIDA-
5207,CONSEJO NACIONAL DE SEGURIDAD SOCIAL,1,CONSEJO NACIONAL DE LA SEGURIDAD SOCIAL -CNSS-,3,TESORERIA DE LA SEGURIDAD SOCIAL
203,SEC. DE ESTADO DE LAS FF AA,1,SEC. DE ESTADO DE LAS FF AA,13,PROGRAMA DE EDUCACIÓN Y CAPACITACIÓN PROFESIONAL DE LAS FFAA
203,SEC. DE ESTADO DE LAS FF AA,1,SEC. DE ESTADO DE LAS FF AA,21,SEGURIDAD REGIÓNAL
203,SEC. DE ESTADO DE LAS FF AA,1,SEC. DE ESTADO DE LAS FF AA,22,COMANDO CONJUNTO NORTE
203,SEC. DE ESTADO DE LAS FF AA,1,SEC. DE ESTADO DE LAS FF AA,23,COMANDO CONJUNTO ESTE
203,SEC. DE ESTADO DE LAS FF AA,1,SEC. DE ESTADO DE LAS FF AA,24,COMANDO CONJUNTO SUR
201,PRESIDENCIA DE LA REPÚBLICA,1,PRESIDENCIA DE LA REPUBLICA,19,DIRECCION DE FOMENTO Y DESARROLLO DE LA ARTESANIA NACIONAL (FODEARTE)
5126,SUPERINTENDENCIA DE BANCOS,1,SUPERINTENDENCIA DE BANCOS,1,SUPERINTENDENCIA DE BANCOS
5145,SUPERINTENDENCIA DE VALORES,1,SUPERINTENDENCIA DE VALORES,1,SUPERINTENDENCIA DE VALORES
5218,CAJA DE PENSIONES Y JUBILACIONES PARA CHOFERES,1,CAJA DE PENSIONES Y JUBILACIONES PARA CHOFERES,1,CAJA DE PENSIONES Y JUBILACIONES PARA  CHOFERES
201,PRESIDENCIA DE LA REPÚBLICA,1,PRESIDENCIA DE LA REPUBLICA,13,COMITE NACIONAL CONTRA EL LAVADO DE ACTIVOS
201,PRESIDENCIA DE LA REPÚBLICA,1,PRESIDENCIA DE LA REPUBLICA,23,COMISION DE REFORMA DE LA EMPRESA PUBLICA
202,SEC. DE ESTADO DE INT. Y POL.,2,POLICIA NACIONAL,3,"IDIH, CREPOL, MUPOL"
202,SEC. DE ESTADO DE INT. Y POL.,2,POLICIA NACIONAL,6,INSTITUTO DE SEGURIDAD SOCIAL DE LA P. N.
202,SEC. DE ESTADO DE INT. Y POL.,2,POLICIA NACIONAL,10,COMISION PARA LA REFORMA Y MODERNIZACION P.N. (CREPOL)
202,SEC. DE ESTADO DE INT. Y POL.,2,POLICIA NACIONAL,11,MUSEO POLICIA NACIONAL (MUPOL)
211,SECRETARIA DE ESTADO DE OBRAS PUBLICAS Y COMUNICACIONES,1,SEC. DE ESTADO DE OBRAS PUBLICAS Y COMUNICACIONES,5,SERVICIOS TECNICOS DE TRANSPORTE TERRESTRE (OTTT)
211,SECRETARIA DE ESTADO DE OBRAS PUBLICAS Y COMUNICACIONES,1,SEC. DE ESTADO DE OBRAS PUBLICAS Y COMUNICACIONES,7,FONDO DE DESARROLLO DE TRANSPORTE TERRESTRE
214,PROCURADURÍA GENERAL DE LA REPUBLICA,1,PROCURADURIA GENERAL DE LA REPUBLICA,2,DIRECCION GENERAL DE PRISIONES (DGP)
214,PROCURADURÍA GENERAL DE LA REPUBLICA,1,PROCURADURIA GENERAL DE LA REPUBLICA,3,INSTITUTO NACIONAL DE CIENCIAS FORENSE (INACIF)
220,"MINISTERIO DE ECONOMIA, PLANIFICACION Y DESARROLLO",1,"MINISTERIO DE ECONOMIA, PLANIFICACION Y DESARROLLO",2,VICEMINISTERIO TECNICA Y ADMINISTRATIVA (SSETA)
220,"MINISTERIO DE ECONOMIA, PLANIFICACION Y DESARROLLO",1,"MINISTERIO DE ECONOMIA, PLANIFICACION Y DESARROLLO",3,VICEMINISTERIO DE PLANIFICACION
220,"MINISTERIO DE ECONOMIA, PLANIFICACION Y DESARROLLO",1,"MINISTERIO DE ECONOMIA, PLANIFICACION Y DESARROLLO",6,COORDINACION DE LA COOPERACION INTERNACIONAL
220,"MINISTERIO DE ECONOMIA, PLANIFICACION Y DESARROLLO",1,"MINISTERIO DE ECONOMIA, PLANIFICACION Y DESARROLLO",13,ANALISIS ECONOMICO Y SOCIAL
220,"MINISTERIO DE ECONOMIA, PLANIFICACION Y DESARROLLO",1,"MINISTERIO DE ECONOMIA, PLANIFICACION Y DESARROLLO",15,COMISION PRESIDENCIAL PARA LA MODERNIZACION Y SEGURIDAD PORTUARIAS
220,"MINISTERIO DE ECONOMIA, PLANIFICACION Y DESARROLLO",1,"MINISTERIO DE ECONOMIA, PLANIFICACION Y DESARROLLO",16,COMISION INTERNACIONAL ASESORA CIENCIA Y TECNOLOGIA
